{
  "name": "bulma/card",
  "description": "",
  "version": "",
  "author": "",
  "website": "",
  "repository": "",
  "html": "card.html",
  "addDependenciesToBundles": false,
  "bundle": {
    "stylesheet": {},
    "stylesheetHeader": "",
    "stylesheetFooter": "",
    "scriptHeader": "",
    "scriptFooter": "",
    "script": {}
  },
  "sources": {
    "stylesheets": [],
    "scripts": []
  },
  "dependencies": [
    "bulma"
  ],
  "mergeMiscellaneous": false,
  "miscellaneous": [],
  "selector": "",
  "interface": "",
  "fixedHTML": false,
  "parseHTML": "",
  "terserConfiguration": "",
  "skipMatchAll": false,
  "components": {}
}