{
  "name": "bootstrap/popover",
  "description": "https://getbootstrap.com/docs/5.1/components/popover/",
  "version": "5.1.3",
  "author": "The Bootstrap Authors (https://github.com/twbs/bootstrap/graphs/contributors)",
  "website": "https://getbootstrap.com/docs/5.1/components/popover/",
  "repository": "",
  "html": "popover.html",
  "bundle": {
    "stylesheet": {},
    "script": {
      "src": "popover.js"
    }
  },
  "sources": {
    "stylesheets": [],
    "scripts": []
  },
  "dependencies": [
    "bootstrap"
  ],
  "miscellaneous": [
    "interface"
  ],
  "selector": "[data-bs-toggle=popover]",
  "interface": "interface/interface.html",
  "parseHTML": "",
  "components": {}
}