{
  "name": "bootstrap/buttons",
  "description": "https://getbootstrap.com/docs/5.1/components/buttons/",
  "version": "5.1.3",
  "author": "The Bootstrap Authors (https://github.com/twbs/bootstrap/graphs/contributors)",
  "website": "https://getbootstrap.com/docs/5.1/components/buttons/",
  "repository": "",
  "html": "",
  "addDependenciesToBundles": false,
  "bundle": {
    "stylesheet": {},
    "stylesheetHeader": "",
    "stylesheetFooter": "",
    "scriptHeader": "",
    "scriptFooter": "",
    "script": {}
  },
  "sources": {
    "stylesheets": [],
    "scripts": []
  },
  "dependencies": [
    "bootstrap"
  ],
  "components": {
    "bootstrap/buttons/button tag": {
      "path": "/button tag",
      "name": "bootstrap/buttons/button tag"
    },
    "bootstrap/buttons/a-tag": {
      "path": "/a-tag",
      "name": "bootstrap/buttons/a-tag"
    },
    "bootstrap/buttons/input tag submit": {
      "path": "/input tag submit",
      "name": "bootstrap/buttons/input tag submit"
    },
    "bootstrap/buttons/input tag button": {
      "path": "/input tag button",
      "name": "bootstrap/buttons/input tag button"
    },
    "bootstrap/buttons/input tag reset": {
      "path": "/input tag reset",
      "name": "bootstrap/buttons/input tag reset"
    }
  },
  "miscellaneous": [
    "interface"
  ],
  "selector": "a[role=button].btn,button.btn,input[type=button].btn,input[type=submit].btn,input[type=reset].btn",
  "interface": "interface/interface.html",
  "fixedHTML": false,
  "parseHTML": ""
}