{
  "name": "bootstrap/tooltip",
  "description": "https://getbootstrap.com/docs/5.1/components/tooltip/",
  "version": "5.1.3",
  "author": "The Bootstrap Authors (https://github.com/twbs/bootstrap/graphs/contributors)",
  "website": "https://getbootstrap.com/docs/5.1/components/tooltip/",
  "repository": "",
  "html": "tooltip.html",
  "addDependenciesToBundles": false,
  "bundle": {
    "stylesheet": {},
    "stylesheetHeader": "",
    "stylesheetFooter": "",
    "scriptHeader": "",
    "scriptFooter": "",
    "script": {
      "src": "tooltip.js"
    }
  },
  "sources": {
    "stylesheets": [],
    "scripts": [
      ""
    ]
  },
  "dependencies": [
    "bootstrap"
  ],
  "mergeMiscellaneous": false,
  "miscellaneous": [
    "interface"
  ],
  "selector": "[data-bs-toggle=tooltip]",
  "interface": "interface/interface.html",
  "fixedHTML": false,
  "parseHTML": "",
  "components": {}
}