{
  "name": "bootstrap/badge/bg-warning",
  "description": "",
  "version": "",
  "author": "",
  "website": "",
  "repository": "",
  "html": "bg-warning.html",
  "addDependenciesToBundles": false,
  "bundle": {
    "stylesheet": {},
    "stylesheetHeader": "",
    "stylesheetFooter": "",
    "scriptHeader": "",
    "scriptFooter": "",
    "script": {}
  },
  "sources": {
    "stylesheets": [],
    "scripts": []
  },
  "dependencies": [
    "bootstrap"
  ],
  "components": {
    "bootstrap/badge/bg-warning/rounded-pill": {
      "path": "/rounded-pill",
      "name": "bootstrap/badge/bg-warning/rounded-pill"
    }
  },
  "miscellaneous": [],
  "selector": "",
  "interface": "",
  "fixedHTML": false
}