{
  "name": "bootstrap/card",
  "description": "https://getbootstrap.com/docs/5.1/components/card/",
  "version": "5.1.3",
  "author": "The Bootstrap Authors (https://github.com/twbs/bootstrap/graphs/contributors)",
  "website": "https://getbootstrap.com/docs/5.1/components/card/",
  "repository": "",
  "html": "card.html",
  "addDependenciesToBundles": false,
  "bundle": {
    "stylesheet": {},
    "stylesheetHeader": "",
    "stylesheetFooter": "",
    "scriptHeader": "",
    "scriptFooter": "",
    "script": {}
  },
  "sources": {
    "stylesheets": [],
    "scripts": []
  },
  "dependencies": [
    "bootstrap"
  ],
  "components": {
    "bootstrap/card/image-bottom": {
      "name": "bootstrap/card/image-bottom",
      "path": "/image-bottom"
    },
    "bootstrap/card/image-top": {
      "name": "bootstrap/card/image-top",
      "path": "/image-top"
    }
  },
  "miscellaneous": [],
  "selector": "",
  "interface": "",
  "fixedHTML": false
}