{
  "name": "bootstrap/alert/alert-warning",
  "description": "",
  "version": "",
  "author": "",
  "website": "",
  "repository": "",
  "html": "alert-warning.html",
  "addDependenciesToBundles": false,
  "bundle": {
    "stylesheet": {},
    "stylesheetHeader": "",
    "stylesheetFooter": "",
    "scriptHeader": "",
    "scriptFooter": "",
    "script": {}
  },
  "sources": {
    "stylesheets": [],
    "scripts": []
  },
  "dependencies": [
    "bootstrap"
  ],
  "components": {},
  "miscellaneous": [],
  "selector": "",
  "interface": "",
  "fixedHTML": false
}