{
  "name": "bootstrap/offcanvas",
  "description": "https://getbootstrap.com/docs/5.1/components/offcanvas/",
  "version": "5.1.3",
  "author": "The Bootstrap Authors (https://github.com/twbs/bootstrap/graphs/contributors)",
  "website": "https://getbootstrap.com/docs/5.1/components/offcanvas/",
  "repository": "",
  "html": "offcanvas.html",
  "bundle": {
    "stylesheet": {},
    "script": {}
  },
  "sources": {
    "stylesheets": [],
    "scripts": []
  },
  "dependencies": [
    "bootstrap"
  ],
  "miscellaneous": [],
  "selector": "",
  "interface": "",
  "components": {},
  "parseHTML": "parseHTML.js"
}