{
  "name": "bootstrap-5.1.3-templates",
  "components": {
    "ckeditor4-tilepieces-component": {
      "name": "ckeditor4-tilepieces-component",
      "path": "/components/ckeditor4-tilepieces-component"
    },
    "bootstrap": {
      "name": "bootstrap",
      "path": "/components/bootstrap"
    }
  },
  "lastFileOpened": "/index.html",
  "openedPanels": [
    "package-manager"
  ],
  "relativePaths": true,
  "sandboxFrame": true,
  "skipMatchAll": true,
  "files": [
    "components/bootstrap/bootstrap.bundle.min.js",
    "components/bootstrap/bootstrap.min.css",
    "components/bootstrap/components/bootstrap/accordion/accordion.html",
    "components/bootstrap/components/bootstrap/accordion/interface/changeAlwaysOpen.js",
    "components/bootstrap/components/bootstrap/accordion/interface/changeFlush.js",
    "components/bootstrap/components/bootstrap/accordion/interface/interface.html",
    "components/bootstrap/components/bootstrap/accordion/interface/item-template.js",
    "components/bootstrap/components/bootstrap/accordion/interface/main.js",
    "components/bootstrap/components/bootstrap/accordion/interface/parseTemplate.js",
    "components/bootstrap/components/bootstrap/accordion/interface/parseWrapper.js",
    "components/bootstrap/components/bootstrap/accordion/tilepieces.component.json",
    "components/bootstrap/components/bootstrap/alert/alert-danger/alert-danger.html",
    "components/bootstrap/components/bootstrap/alert/alert-danger/tilepieces.component.json",
    "components/bootstrap/components/bootstrap/alert/alert-dark/alert-dark.html",
    "components/bootstrap/components/bootstrap/alert/alert-dark/tilepieces.component.json",
    "components/bootstrap/components/bootstrap/alert/alert-info/alert-info.html",
    "components/bootstrap/components/bootstrap/alert/alert-info/tilepieces.component.json",
    "components/bootstrap/components/bootstrap/alert/alert-light/alert-light.html",
    "components/bootstrap/components/bootstrap/alert/alert-light/tilepieces.component.json",
    "components/bootstrap/components/bootstrap/alert/alert-primary/alert-primary.html",
    "components/bootstrap/components/bootstrap/alert/alert-primary/tilepieces.component.json",
    "components/bootstrap/components/bootstrap/alert/alert-secondary/alert-secondary.html",
    "components/bootstrap/components/bootstrap/alert/alert-secondary/tilepieces.component.json",
    "components/bootstrap/components/bootstrap/alert/alert-success/alert-success.html",
    "components/bootstrap/components/bootstrap/alert/alert-success/tilepieces.component.json",
    "components/bootstrap/components/bootstrap/alert/alert-warning/alert-warning.html",
    "components/bootstrap/components/bootstrap/alert/alert-warning/tilepieces.component.json",
    "components/bootstrap/components/bootstrap/alert/alert.html",
    "components/bootstrap/components/bootstrap/alert/tilepieces.component.json",
    "components/bootstrap/components/bootstrap/badge/bg-danger/bg-danger.html",
    "components/bootstrap/components/bootstrap/badge/bg-danger/rounded-pill/rounded-pill.html",
    "components/bootstrap/components/bootstrap/badge/bg-danger/rounded-pill/tilepieces.component.json",
    "components/bootstrap/components/bootstrap/badge/bg-danger/tilepieces.component.json",
    "components/bootstrap/components/bootstrap/badge/bg-dark/bg-dark.html",
    "components/bootstrap/components/bootstrap/badge/bg-dark/rounded-pill/rounded-pill.html",
    "components/bootstrap/components/bootstrap/badge/bg-dark/rounded-pill/tilepieces.component.json",
    "components/bootstrap/components/bootstrap/badge/bg-dark/tilepieces.component.json",
    "components/bootstrap/components/bootstrap/badge/bg-info/bg-info.html",
    "components/bootstrap/components/bootstrap/badge/bg-info/rounded-pill/rounded-pill.html",
    "components/bootstrap/components/bootstrap/badge/bg-info/rounded-pill/tilepieces.component.json",
    "components/bootstrap/components/bootstrap/badge/bg-info/tilepieces.component.json",
    "components/bootstrap/components/bootstrap/badge/bg-light/bg-light.html",
    "components/bootstrap/components/bootstrap/badge/bg-light/rounded-pill/rounded-pill.html",
    "components/bootstrap/components/bootstrap/badge/bg-light/rounded-pill/tilepieces.component.json",
    "components/bootstrap/components/bootstrap/badge/bg-light/tilepieces.component.json",
    "components/bootstrap/components/bootstrap/badge/bg-primary/bg-primary.html",
    "components/bootstrap/components/bootstrap/badge/bg-primary/rounded-pill/rounded-pill.html",
    "components/bootstrap/components/bootstrap/badge/bg-primary/rounded-pill/tilepieces.component.json",
    "components/bootstrap/components/bootstrap/badge/bg-primary/tilepieces.component.json",
    "components/bootstrap/components/bootstrap/badge/bg-secondary/bg-secondary.html",
    "components/bootstrap/components/bootstrap/badge/bg-secondary/rounded-pill/rounded-pill.html",
    "components/bootstrap/components/bootstrap/badge/bg-secondary/rounded-pill/tilepieces.component.json",
    "components/bootstrap/components/bootstrap/badge/bg-secondary/tilepieces.component.json",
    "components/bootstrap/components/bootstrap/badge/bg-success/bg-success.html",
    "components/bootstrap/components/bootstrap/badge/bg-success/rounded-pill/rounded-pill.html",
    "components/bootstrap/components/bootstrap/badge/bg-success/rounded-pill/tilepieces.component.json",
    "components/bootstrap/components/bootstrap/badge/bg-success/tilepieces.component.json",
    "components/bootstrap/components/bootstrap/badge/bg-warning/bg-warning.html",
    "components/bootstrap/components/bootstrap/badge/bg-warning/rounded-pill/rounded-pill.html",
    "components/bootstrap/components/bootstrap/badge/bg-warning/rounded-pill/tilepieces.component.json",
    "components/bootstrap/components/bootstrap/badge/bg-warning/tilepieces.component.json",
    "components/bootstrap/components/bootstrap/badge/tilepieces.component.json",
    "components/bootstrap/components/bootstrap/breadcrumb/breadcrumb.html",
    "components/bootstrap/components/bootstrap/breadcrumb/fixed/breadcrumb.html",
    "components/bootstrap/components/bootstrap/breadcrumb/fixed/tilepieces.component.json",
    "components/bootstrap/components/bootstrap/breadcrumb/tilepieces.component.json",
    "components/bootstrap/components/bootstrap/button-group/button-group.html",
    "components/bootstrap/components/bootstrap/button-group/tilepieces.component.json",
    "components/bootstrap/components/bootstrap/buttons/a-tag/a-tag.html",
    "components/bootstrap/components/bootstrap/buttons/a-tag/tilepieces.component.json",
    "components/bootstrap/components/bootstrap/buttons/button tag/button-tag.html",
    "components/bootstrap/components/bootstrap/buttons/button tag/tilepieces.component.json",
    "components/bootstrap/components/bootstrap/buttons/input tag button/input-tag-button.html",
    "components/bootstrap/components/bootstrap/buttons/input tag button/tilepieces.component.json",
    "components/bootstrap/components/bootstrap/buttons/input tag reset/input-tag-reset.html",
    "components/bootstrap/components/bootstrap/buttons/input tag reset/tilepieces.component.json",
    "components/bootstrap/components/bootstrap/buttons/input tag submit/input-tag-submit.html",
    "components/bootstrap/components/bootstrap/buttons/input tag submit/tilepieces.component.json",
    "components/bootstrap/components/bootstrap/buttons/interface/interface.html",
    "components/bootstrap/components/bootstrap/buttons/interface/main.js",
    "components/bootstrap/components/bootstrap/buttons/tilepieces.component.json",
    "components/bootstrap/components/bootstrap/card/card.html",
    "components/bootstrap/components/bootstrap/card/image-bottom/image-bottom.html",
    "components/bootstrap/components/bootstrap/card/image-bottom/tilepieces.component.json",
    "components/bootstrap/components/bootstrap/card/image-top/image-top.html",
    "components/bootstrap/components/bootstrap/card/image-top/tilepieces.component.json",
    "components/bootstrap/components/bootstrap/card/tilepieces.component.json",
    "components/bootstrap/components/bootstrap/carousel/carousel.html",
    "components/bootstrap/components/bootstrap/carousel/css.css",
    "components/bootstrap/components/bootstrap/carousel/interface/carouselItem.js",
    "components/bootstrap/components/bootstrap/carousel/interface/Controls.js",
    "components/bootstrap/components/bootstrap/carousel/interface/Indicators.js",
    "components/bootstrap/components/bootstrap/carousel/interface/interface.html",
    "components/bootstrap/components/bootstrap/carousel/interface/main.js",
    "components/bootstrap/components/bootstrap/carousel/interface/parseWrapper.js",
    "components/bootstrap/components/bootstrap/carousel/interface/setControls.js",
    "components/bootstrap/components/bootstrap/carousel/interface/setId.js",
    "components/bootstrap/components/bootstrap/carousel/interface/setIndicators.js",
    "components/bootstrap/components/bootstrap/carousel/tilepieces.component.json",
    "components/bootstrap/components/bootstrap/close button/close button.html",
    "components/bootstrap/components/bootstrap/close button/tilepieces.component.json",
    "components/bootstrap/components/bootstrap/close button/white/tilepieces.component.json",
    "components/bootstrap/components/bootstrap/collapse/tilepieces.component.json",
    "components/bootstrap/components/bootstrap/collapse/with-button/parseWrapper.js",
    "components/bootstrap/components/bootstrap/collapse/with-button/tilepieces.component.json",
    "components/bootstrap/components/bootstrap/collapse/with-button/with-button.html",
    "components/bootstrap/components/bootstrap/collapse/with-link/parseWrapper.js",
    "components/bootstrap/components/bootstrap/collapse/with-link/tilepieces.component.json",
    "components/bootstrap/components/bootstrap/collapse/with-link/with-link.html",
    "components/bootstrap/components/bootstrap/dropdown/split-button/parseWrapper.js",
    "components/bootstrap/components/bootstrap/dropdown/split-button/split-button.html",
    "components/bootstrap/components/bootstrap/dropdown/split-button/tilepieces.component.json",
    "components/bootstrap/components/bootstrap/dropdown/tilepieces.component.json",
    "components/bootstrap/components/bootstrap/dropdown/with-button/parseWrapper.js",
    "components/bootstrap/components/bootstrap/dropdown/with-button/tilepieces.component.json",
    "components/bootstrap/components/bootstrap/dropdown/with-button/with-button.html",
    "components/bootstrap/components/bootstrap/dropdown/with-link/parseWrapper.js",
    "components/bootstrap/components/bootstrap/dropdown/with-link/tilepieces.component.json",
    "components/bootstrap/components/bootstrap/dropdown/with-link/with-link.html",
    "components/bootstrap/components/bootstrap/list-group/list-group.html",
    "components/bootstrap/components/bootstrap/list-group/tilepieces.component.json",
    "components/bootstrap/components/bootstrap/modal/modal.html",
    "components/bootstrap/components/bootstrap/modal/parseWrapper.js",
    "components/bootstrap/components/bootstrap/modal/static-backdrop/parseWrapper.js",
    "components/bootstrap/components/bootstrap/modal/static-backdrop/static-backdrop.html",
    "components/bootstrap/components/bootstrap/modal/static-backdrop/tilepieces.component.json",
    "components/bootstrap/components/bootstrap/modal/tilepieces.component.json",
    "components/bootstrap/components/bootstrap/nav&tabs&pills/nav.html",
    "components/bootstrap/components/bootstrap/nav&tabs&pills/pills/pills.html",
    "components/bootstrap/components/bootstrap/nav&tabs&pills/pills/tilepieces.component.json",
    "components/bootstrap/components/bootstrap/nav&tabs&pills/tabs/tabs.html",
    "components/bootstrap/components/bootstrap/nav&tabs&pills/tabs/tilepieces.component.json",
    "components/bootstrap/components/bootstrap/nav&tabs&pills/tilepieces.component.json",
    "components/bootstrap/components/bootstrap/navbar/navbar.html",
    "components/bootstrap/components/bootstrap/navbar/parseHTML.js",
    "components/bootstrap/components/bootstrap/navbar/tilepieces.component.json",
    "components/bootstrap/components/bootstrap/offcanvas/offcanvas.html",
    "components/bootstrap/components/bootstrap/offcanvas/parseHTML.js",
    "components/bootstrap/components/bootstrap/offcanvas/tilepieces.component.json",
    "components/bootstrap/components/bootstrap/pagination/pagination.html",
    "components/bootstrap/components/bootstrap/pagination/tilepieces.component.json",
    "components/bootstrap/components/bootstrap/popover/interface/interface.html",
    "components/bootstrap/components/bootstrap/popover/interface/main.js",
    "components/bootstrap/components/bootstrap/popover/popover.html",
    "components/bootstrap/components/bootstrap/popover/popover.js",
    "components/bootstrap/components/bootstrap/popover/tilepieces.component.json",
    "components/bootstrap/components/bootstrap/spinners/growing spinner/spinner.html",
    "components/bootstrap/components/bootstrap/spinners/growing spinner/tilepieces.component.json",
    "components/bootstrap/components/bootstrap/spinners/spinner.html",
    "components/bootstrap/components/bootstrap/spinners/tilepieces.component.json",
    "components/bootstrap/components/bootstrap/tooltip/interface/interface.html",
    "components/bootstrap/components/bootstrap/tooltip/interface/main.js",
    "components/bootstrap/components/bootstrap/tooltip/tilepieces.component.json",
    "components/bootstrap/components/bootstrap/tooltip/tooltip.html",
    "components/bootstrap/components/bootstrap/tooltip/tooltip.js",
    "components/bootstrap/tilepieces.component.json",
    "components/ckeditor4-tilepieces-component/adapters/jquery.js",
    "components/ckeditor4-tilepieces-component/bender-runner.config.json",
    "components/ckeditor4-tilepieces-component/build-config.js",
    "components/ckeditor4-tilepieces-component/CHANGES.md",
    "components/ckeditor4-tilepieces-component/ckeditor.js",
    "components/ckeditor4-tilepieces-component/config.js",
    "components/ckeditor4-tilepieces-component/contents.css",
    "components/ckeditor4-tilepieces-component/interface.html",
    "components/ckeditor4-tilepieces-component/lang/en.js",
    "components/ckeditor4-tilepieces-component/LICENSE.md",
    "components/ckeditor4-tilepieces-component/plugins/a11yhelp/dialogs/a11yhelp.js",
    "components/ckeditor4-tilepieces-component/plugins/a11yhelp/dialogs/lang/af.js",
    "components/ckeditor4-tilepieces-component/plugins/a11yhelp/dialogs/lang/ar.js",
    "components/ckeditor4-tilepieces-component/plugins/a11yhelp/dialogs/lang/az.js",
    "components/ckeditor4-tilepieces-component/plugins/a11yhelp/dialogs/lang/bg.js",
    "components/ckeditor4-tilepieces-component/plugins/a11yhelp/dialogs/lang/ca.js",
    "components/ckeditor4-tilepieces-component/plugins/a11yhelp/dialogs/lang/cs.js",
    "components/ckeditor4-tilepieces-component/plugins/a11yhelp/dialogs/lang/cy.js",
    "components/ckeditor4-tilepieces-component/plugins/a11yhelp/dialogs/lang/da.js",
    "components/ckeditor4-tilepieces-component/plugins/a11yhelp/dialogs/lang/de-ch.js",
    "components/ckeditor4-tilepieces-component/plugins/a11yhelp/dialogs/lang/de.js",
    "components/ckeditor4-tilepieces-component/plugins/a11yhelp/dialogs/lang/el.js",
    "components/ckeditor4-tilepieces-component/plugins/a11yhelp/dialogs/lang/en-au.js",
    "components/ckeditor4-tilepieces-component/plugins/a11yhelp/dialogs/lang/en-gb.js",
    "components/ckeditor4-tilepieces-component/plugins/a11yhelp/dialogs/lang/en.js",
    "components/ckeditor4-tilepieces-component/plugins/a11yhelp/dialogs/lang/eo.js",
    "components/ckeditor4-tilepieces-component/plugins/a11yhelp/dialogs/lang/es-mx.js",
    "components/ckeditor4-tilepieces-component/plugins/a11yhelp/dialogs/lang/es.js",
    "components/ckeditor4-tilepieces-component/plugins/a11yhelp/dialogs/lang/et.js",
    "components/ckeditor4-tilepieces-component/plugins/a11yhelp/dialogs/lang/eu.js",
    "components/ckeditor4-tilepieces-component/plugins/a11yhelp/dialogs/lang/fa.js",
    "components/ckeditor4-tilepieces-component/plugins/a11yhelp/dialogs/lang/fi.js",
    "components/ckeditor4-tilepieces-component/plugins/a11yhelp/dialogs/lang/fo.js",
    "components/ckeditor4-tilepieces-component/plugins/a11yhelp/dialogs/lang/fr-ca.js",
    "components/ckeditor4-tilepieces-component/plugins/a11yhelp/dialogs/lang/fr.js",
    "components/ckeditor4-tilepieces-component/plugins/a11yhelp/dialogs/lang/gl.js",
    "components/ckeditor4-tilepieces-component/plugins/a11yhelp/dialogs/lang/gu.js",
    "components/ckeditor4-tilepieces-component/plugins/a11yhelp/dialogs/lang/he.js",
    "components/ckeditor4-tilepieces-component/plugins/a11yhelp/dialogs/lang/hi.js",
    "components/ckeditor4-tilepieces-component/plugins/a11yhelp/dialogs/lang/hr.js",
    "components/ckeditor4-tilepieces-component/plugins/a11yhelp/dialogs/lang/hu.js",
    "components/ckeditor4-tilepieces-component/plugins/a11yhelp/dialogs/lang/id.js",
    "components/ckeditor4-tilepieces-component/plugins/a11yhelp/dialogs/lang/it.js",
    "components/ckeditor4-tilepieces-component/plugins/a11yhelp/dialogs/lang/ja.js",
    "components/ckeditor4-tilepieces-component/plugins/a11yhelp/dialogs/lang/km.js",
    "components/ckeditor4-tilepieces-component/plugins/a11yhelp/dialogs/lang/ko.js",
    "components/ckeditor4-tilepieces-component/plugins/a11yhelp/dialogs/lang/ku.js",
    "components/ckeditor4-tilepieces-component/plugins/a11yhelp/dialogs/lang/lt.js",
    "components/ckeditor4-tilepieces-component/plugins/a11yhelp/dialogs/lang/lv.js",
    "components/ckeditor4-tilepieces-component/plugins/a11yhelp/dialogs/lang/mk.js",
    "components/ckeditor4-tilepieces-component/plugins/a11yhelp/dialogs/lang/mn.js",
    "components/ckeditor4-tilepieces-component/plugins/a11yhelp/dialogs/lang/nb.js",
    "components/ckeditor4-tilepieces-component/plugins/a11yhelp/dialogs/lang/nl.js",
    "components/ckeditor4-tilepieces-component/plugins/a11yhelp/dialogs/lang/no.js",
    "components/ckeditor4-tilepieces-component/plugins/a11yhelp/dialogs/lang/oc.js",
    "components/ckeditor4-tilepieces-component/plugins/a11yhelp/dialogs/lang/pl.js",
    "components/ckeditor4-tilepieces-component/plugins/a11yhelp/dialogs/lang/pt-br.js",
    "components/ckeditor4-tilepieces-component/plugins/a11yhelp/dialogs/lang/pt.js",
    "components/ckeditor4-tilepieces-component/plugins/a11yhelp/dialogs/lang/ro.js",
    "components/ckeditor4-tilepieces-component/plugins/a11yhelp/dialogs/lang/ru.js",
    "components/ckeditor4-tilepieces-component/plugins/a11yhelp/dialogs/lang/si.js",
    "components/ckeditor4-tilepieces-component/plugins/a11yhelp/dialogs/lang/sk.js",
    "components/ckeditor4-tilepieces-component/plugins/a11yhelp/dialogs/lang/sl.js",
    "components/ckeditor4-tilepieces-component/plugins/a11yhelp/dialogs/lang/sq.js",
    "components/ckeditor4-tilepieces-component/plugins/a11yhelp/dialogs/lang/sr-latn.js",
    "components/ckeditor4-tilepieces-component/plugins/a11yhelp/dialogs/lang/sr.js",
    "components/ckeditor4-tilepieces-component/plugins/a11yhelp/dialogs/lang/sv.js",
    "components/ckeditor4-tilepieces-component/plugins/a11yhelp/dialogs/lang/th.js",
    "components/ckeditor4-tilepieces-component/plugins/a11yhelp/dialogs/lang/tr.js",
    "components/ckeditor4-tilepieces-component/plugins/a11yhelp/dialogs/lang/tt.js",
    "components/ckeditor4-tilepieces-component/plugins/a11yhelp/dialogs/lang/ug.js",
    "components/ckeditor4-tilepieces-component/plugins/a11yhelp/dialogs/lang/uk.js",
    "components/ckeditor4-tilepieces-component/plugins/a11yhelp/dialogs/lang/vi.js",
    "components/ckeditor4-tilepieces-component/plugins/a11yhelp/dialogs/lang/zh-cn.js",
    "components/ckeditor4-tilepieces-component/plugins/a11yhelp/dialogs/lang/zh.js",
    "components/ckeditor4-tilepieces-component/plugins/a11yhelp/dialogs/lang/_translationstatus.txt",
    "components/ckeditor4-tilepieces-component/plugins/about/dialogs/about.js",
    "components/ckeditor4-tilepieces-component/plugins/about/dialogs/hidpi/logo_ckeditor.png",
    "components/ckeditor4-tilepieces-component/plugins/about/dialogs/logo_ckeditor.png",
    "components/ckeditor4-tilepieces-component/plugins/clipboard/dialogs/paste.js",
    "components/ckeditor4-tilepieces-component/plugins/colordialog/dialogs/colordialog.css",
    "components/ckeditor4-tilepieces-component/plugins/colordialog/dialogs/colordialog.js",
    "components/ckeditor4-tilepieces-component/plugins/copyformatting/cursors/cursor-disabled.svg",
    "components/ckeditor4-tilepieces-component/plugins/copyformatting/cursors/cursor.svg",
    "components/ckeditor4-tilepieces-component/plugins/copyformatting/styles/copyformatting.css",
    "components/ckeditor4-tilepieces-component/plugins/dialog/dialogDefinition.js",
    "components/ckeditor4-tilepieces-component/plugins/dialog/styles/dialog.css",
    "components/ckeditor4-tilepieces-component/plugins/div/dialogs/div.js",
    "components/ckeditor4-tilepieces-component/plugins/find/dialogs/find.js",
    "components/ckeditor4-tilepieces-component/plugins/forms/dialogs/button.js",
    "components/ckeditor4-tilepieces-component/plugins/forms/dialogs/checkbox.js",
    "components/ckeditor4-tilepieces-component/plugins/forms/dialogs/form.js",
    "components/ckeditor4-tilepieces-component/plugins/forms/dialogs/hiddenfield.js",
    "components/ckeditor4-tilepieces-component/plugins/forms/dialogs/radio.js",
    "components/ckeditor4-tilepieces-component/plugins/forms/dialogs/select.js",
    "components/ckeditor4-tilepieces-component/plugins/forms/dialogs/textarea.js",
    "components/ckeditor4-tilepieces-component/plugins/forms/dialogs/textfield.js",
    "components/ckeditor4-tilepieces-component/plugins/forms/images/hiddenfield.gif",
    "components/ckeditor4-tilepieces-component/plugins/icons.png",
    "components/ckeditor4-tilepieces-component/plugins/icons_hidpi.png",
    "components/ckeditor4-tilepieces-component/plugins/iframe/dialogs/iframe.js",
    "components/ckeditor4-tilepieces-component/plugins/iframe/images/placeholder.png",
    "components/ckeditor4-tilepieces-component/plugins/image/dialogs/image.js",
    "components/ckeditor4-tilepieces-component/plugins/image/images/noimage.png",
    "components/ckeditor4-tilepieces-component/plugins/link/dialogs/anchor.js",
    "components/ckeditor4-tilepieces-component/plugins/link/dialogs/link.js",
    "components/ckeditor4-tilepieces-component/plugins/link/images/anchor.png",
    "components/ckeditor4-tilepieces-component/plugins/link/images/hidpi/anchor.png",
    "components/ckeditor4-tilepieces-component/plugins/liststyle/dialogs/liststyle.js",
    "components/ckeditor4-tilepieces-component/plugins/magicline/images/hidpi/icon-rtl.png",
    "components/ckeditor4-tilepieces-component/plugins/magicline/images/hidpi/icon.png",
    "components/ckeditor4-tilepieces-component/plugins/magicline/images/icon-rtl.png",
    "components/ckeditor4-tilepieces-component/plugins/magicline/images/icon.png",
    "components/ckeditor4-tilepieces-component/plugins/pagebreak/images/pagebreak.gif",
    "components/ckeditor4-tilepieces-component/plugins/pastefromgdocs/filter/default.js",
    "components/ckeditor4-tilepieces-component/plugins/pastefromlibreoffice/filter/default.js",
    "components/ckeditor4-tilepieces-component/plugins/pastefromword/filter/default.js",
    "components/ckeditor4-tilepieces-component/plugins/pastetools/filter/common.js",
    "components/ckeditor4-tilepieces-component/plugins/pastetools/filter/image.js",
    "components/ckeditor4-tilepieces-component/plugins/scayt/CHANGELOG.md",
    "components/ckeditor4-tilepieces-component/plugins/scayt/dialogs/dialog.css",
    "components/ckeditor4-tilepieces-component/plugins/scayt/dialogs/options.js",
    "components/ckeditor4-tilepieces-component/plugins/scayt/dialogs/toolbar.css",
    "components/ckeditor4-tilepieces-component/plugins/scayt/LICENSE.md",
    "components/ckeditor4-tilepieces-component/plugins/scayt/README.md",
    "components/ckeditor4-tilepieces-component/plugins/scayt/skins/moono-lisa/scayt.css",
    "components/ckeditor4-tilepieces-component/plugins/showblocks/images/block_address.png",
    "components/ckeditor4-tilepieces-component/plugins/showblocks/images/block_blockquote.png",
    "components/ckeditor4-tilepieces-component/plugins/showblocks/images/block_div.png",
    "components/ckeditor4-tilepieces-component/plugins/showblocks/images/block_h1.png",
    "components/ckeditor4-tilepieces-component/plugins/showblocks/images/block_h2.png",
    "components/ckeditor4-tilepieces-component/plugins/showblocks/images/block_h3.png",
    "components/ckeditor4-tilepieces-component/plugins/showblocks/images/block_h4.png",
    "components/ckeditor4-tilepieces-component/plugins/showblocks/images/block_h5.png",
    "components/ckeditor4-tilepieces-component/plugins/showblocks/images/block_h6.png",
    "components/ckeditor4-tilepieces-component/plugins/showblocks/images/block_p.png",
    "components/ckeditor4-tilepieces-component/plugins/showblocks/images/block_pre.png",
    "components/ckeditor4-tilepieces-component/plugins/smiley/dialogs/smiley.js",
    "components/ckeditor4-tilepieces-component/plugins/smiley/images/angel_smile.gif",
    "components/ckeditor4-tilepieces-component/plugins/smiley/images/angel_smile.png",
    "components/ckeditor4-tilepieces-component/plugins/smiley/images/angry_smile.gif",
    "components/ckeditor4-tilepieces-component/plugins/smiley/images/angry_smile.png",
    "components/ckeditor4-tilepieces-component/plugins/smiley/images/broken_heart.gif",
    "components/ckeditor4-tilepieces-component/plugins/smiley/images/broken_heart.png",
    "components/ckeditor4-tilepieces-component/plugins/smiley/images/confused_smile.gif",
    "components/ckeditor4-tilepieces-component/plugins/smiley/images/confused_smile.png",
    "components/ckeditor4-tilepieces-component/plugins/smiley/images/cry_smile.gif",
    "components/ckeditor4-tilepieces-component/plugins/smiley/images/cry_smile.png",
    "components/ckeditor4-tilepieces-component/plugins/smiley/images/devil_smile.gif",
    "components/ckeditor4-tilepieces-component/plugins/smiley/images/devil_smile.png",
    "components/ckeditor4-tilepieces-component/plugins/smiley/images/embaressed_smile.gif",
    "components/ckeditor4-tilepieces-component/plugins/smiley/images/embarrassed_smile.gif",
    "components/ckeditor4-tilepieces-component/plugins/smiley/images/embarrassed_smile.png",
    "components/ckeditor4-tilepieces-component/plugins/smiley/images/envelope.gif",
    "components/ckeditor4-tilepieces-component/plugins/smiley/images/envelope.png",
    "components/ckeditor4-tilepieces-component/plugins/smiley/images/heart.gif",
    "components/ckeditor4-tilepieces-component/plugins/smiley/images/heart.png",
    "components/ckeditor4-tilepieces-component/plugins/smiley/images/kiss.gif",
    "components/ckeditor4-tilepieces-component/plugins/smiley/images/kiss.png",
    "components/ckeditor4-tilepieces-component/plugins/smiley/images/lightbulb.gif",
    "components/ckeditor4-tilepieces-component/plugins/smiley/images/lightbulb.png",
    "components/ckeditor4-tilepieces-component/plugins/smiley/images/omg_smile.gif",
    "components/ckeditor4-tilepieces-component/plugins/smiley/images/omg_smile.png",
    "components/ckeditor4-tilepieces-component/plugins/smiley/images/regular_smile.gif",
    "components/ckeditor4-tilepieces-component/plugins/smiley/images/regular_smile.png",
    "components/ckeditor4-tilepieces-component/plugins/smiley/images/sad_smile.gif",
    "components/ckeditor4-tilepieces-component/plugins/smiley/images/sad_smile.png",
    "components/ckeditor4-tilepieces-component/plugins/smiley/images/shades_smile.gif",
    "components/ckeditor4-tilepieces-component/plugins/smiley/images/shades_smile.png",
    "components/ckeditor4-tilepieces-component/plugins/smiley/images/teeth_smile.gif",
    "components/ckeditor4-tilepieces-component/plugins/smiley/images/teeth_smile.png",
    "components/ckeditor4-tilepieces-component/plugins/smiley/images/thumbs_down.gif",
    "components/ckeditor4-tilepieces-component/plugins/smiley/images/thumbs_down.png",
    "components/ckeditor4-tilepieces-component/plugins/smiley/images/thumbs_up.gif",
    "components/ckeditor4-tilepieces-component/plugins/smiley/images/thumbs_up.png",
    "components/ckeditor4-tilepieces-component/plugins/smiley/images/tongue_smile.gif",
    "components/ckeditor4-tilepieces-component/plugins/smiley/images/tongue_smile.png",
    "components/ckeditor4-tilepieces-component/plugins/smiley/images/tounge_smile.gif",
    "components/ckeditor4-tilepieces-component/plugins/smiley/images/whatchutalkingabout_smile.gif",
    "components/ckeditor4-tilepieces-component/plugins/smiley/images/whatchutalkingabout_smile.png",
    "components/ckeditor4-tilepieces-component/plugins/smiley/images/wink_smile.gif",
    "components/ckeditor4-tilepieces-component/plugins/smiley/images/wink_smile.png",
    "components/ckeditor4-tilepieces-component/plugins/specialchar/dialogs/lang/af.js",
    "components/ckeditor4-tilepieces-component/plugins/specialchar/dialogs/lang/ar.js",
    "components/ckeditor4-tilepieces-component/plugins/specialchar/dialogs/lang/az.js",
    "components/ckeditor4-tilepieces-component/plugins/specialchar/dialogs/lang/bg.js",
    "components/ckeditor4-tilepieces-component/plugins/specialchar/dialogs/lang/ca.js",
    "components/ckeditor4-tilepieces-component/plugins/specialchar/dialogs/lang/cs.js",
    "components/ckeditor4-tilepieces-component/plugins/specialchar/dialogs/lang/cy.js",
    "components/ckeditor4-tilepieces-component/plugins/specialchar/dialogs/lang/da.js",
    "components/ckeditor4-tilepieces-component/plugins/specialchar/dialogs/lang/de-ch.js",
    "components/ckeditor4-tilepieces-component/plugins/specialchar/dialogs/lang/de.js",
    "components/ckeditor4-tilepieces-component/plugins/specialchar/dialogs/lang/el.js",
    "components/ckeditor4-tilepieces-component/plugins/specialchar/dialogs/lang/en-au.js",
    "components/ckeditor4-tilepieces-component/plugins/specialchar/dialogs/lang/en-ca.js",
    "components/ckeditor4-tilepieces-component/plugins/specialchar/dialogs/lang/en-gb.js",
    "components/ckeditor4-tilepieces-component/plugins/specialchar/dialogs/lang/en.js",
    "components/ckeditor4-tilepieces-component/plugins/specialchar/dialogs/lang/eo.js",
    "components/ckeditor4-tilepieces-component/plugins/specialchar/dialogs/lang/es-mx.js",
    "components/ckeditor4-tilepieces-component/plugins/specialchar/dialogs/lang/es.js",
    "components/ckeditor4-tilepieces-component/plugins/specialchar/dialogs/lang/et.js",
    "components/ckeditor4-tilepieces-component/plugins/specialchar/dialogs/lang/eu.js",
    "components/ckeditor4-tilepieces-component/plugins/specialchar/dialogs/lang/fa.js",
    "components/ckeditor4-tilepieces-component/plugins/specialchar/dialogs/lang/fi.js",
    "components/ckeditor4-tilepieces-component/plugins/specialchar/dialogs/lang/fr-ca.js",
    "components/ckeditor4-tilepieces-component/plugins/specialchar/dialogs/lang/fr.js",
    "components/ckeditor4-tilepieces-component/plugins/specialchar/dialogs/lang/gl.js",
    "components/ckeditor4-tilepieces-component/plugins/specialchar/dialogs/lang/he.js",
    "components/ckeditor4-tilepieces-component/plugins/specialchar/dialogs/lang/hr.js",
    "components/ckeditor4-tilepieces-component/plugins/specialchar/dialogs/lang/hu.js",
    "components/ckeditor4-tilepieces-component/plugins/specialchar/dialogs/lang/id.js",
    "components/ckeditor4-tilepieces-component/plugins/specialchar/dialogs/lang/it.js",
    "components/ckeditor4-tilepieces-component/plugins/specialchar/dialogs/lang/ja.js",
    "components/ckeditor4-tilepieces-component/plugins/specialchar/dialogs/lang/km.js",
    "components/ckeditor4-tilepieces-component/plugins/specialchar/dialogs/lang/ko.js",
    "components/ckeditor4-tilepieces-component/plugins/specialchar/dialogs/lang/ku.js",
    "components/ckeditor4-tilepieces-component/plugins/specialchar/dialogs/lang/lt.js",
    "components/ckeditor4-tilepieces-component/plugins/specialchar/dialogs/lang/lv.js",
    "components/ckeditor4-tilepieces-component/plugins/specialchar/dialogs/lang/nb.js",
    "components/ckeditor4-tilepieces-component/plugins/specialchar/dialogs/lang/nl.js",
    "components/ckeditor4-tilepieces-component/plugins/specialchar/dialogs/lang/no.js",
    "components/ckeditor4-tilepieces-component/plugins/specialchar/dialogs/lang/oc.js",
    "components/ckeditor4-tilepieces-component/plugins/specialchar/dialogs/lang/pl.js",
    "components/ckeditor4-tilepieces-component/plugins/specialchar/dialogs/lang/pt-br.js",
    "components/ckeditor4-tilepieces-component/plugins/specialchar/dialogs/lang/pt.js",
    "components/ckeditor4-tilepieces-component/plugins/specialchar/dialogs/lang/ro.js",
    "components/ckeditor4-tilepieces-component/plugins/specialchar/dialogs/lang/ru.js",
    "components/ckeditor4-tilepieces-component/plugins/specialchar/dialogs/lang/si.js",
    "components/ckeditor4-tilepieces-component/plugins/specialchar/dialogs/lang/sk.js",
    "components/ckeditor4-tilepieces-component/plugins/specialchar/dialogs/lang/sl.js",
    "components/ckeditor4-tilepieces-component/plugins/specialchar/dialogs/lang/sq.js",
    "components/ckeditor4-tilepieces-component/plugins/specialchar/dialogs/lang/sr-latn.js",
    "components/ckeditor4-tilepieces-component/plugins/specialchar/dialogs/lang/sr.js",
    "components/ckeditor4-tilepieces-component/plugins/specialchar/dialogs/lang/sv.js",
    "components/ckeditor4-tilepieces-component/plugins/specialchar/dialogs/lang/th.js",
    "components/ckeditor4-tilepieces-component/plugins/specialchar/dialogs/lang/tr.js",
    "components/ckeditor4-tilepieces-component/plugins/specialchar/dialogs/lang/tt.js",
    "components/ckeditor4-tilepieces-component/plugins/specialchar/dialogs/lang/ug.js",
    "components/ckeditor4-tilepieces-component/plugins/specialchar/dialogs/lang/uk.js",
    "components/ckeditor4-tilepieces-component/plugins/specialchar/dialogs/lang/vi.js",
    "components/ckeditor4-tilepieces-component/plugins/specialchar/dialogs/lang/zh-cn.js",
    "components/ckeditor4-tilepieces-component/plugins/specialchar/dialogs/lang/zh.js",
    "components/ckeditor4-tilepieces-component/plugins/specialchar/dialogs/lang/_translationstatus.txt",
    "components/ckeditor4-tilepieces-component/plugins/specialchar/dialogs/specialchar.js",
    "components/ckeditor4-tilepieces-component/plugins/table/dialogs/table.js",
    "components/ckeditor4-tilepieces-component/plugins/tableselection/styles/tableselection.css",
    "components/ckeditor4-tilepieces-component/plugins/tabletools/dialogs/tableCell.js",
    "components/ckeditor4-tilepieces-component/plugins/templates/dialogs/templates.css",
    "components/ckeditor4-tilepieces-component/plugins/templates/dialogs/templates.js",
    "components/ckeditor4-tilepieces-component/plugins/templates/templatedefinition.js",
    "components/ckeditor4-tilepieces-component/plugins/templates/templates/default.js",
    "components/ckeditor4-tilepieces-component/plugins/templates/templates/images/template1.gif",
    "components/ckeditor4-tilepieces-component/plugins/templates/templates/images/template2.gif",
    "components/ckeditor4-tilepieces-component/plugins/templates/templates/images/template3.gif",
    "components/ckeditor4-tilepieces-component/plugins/widget/images/handle.png",
    "components/ckeditor4-tilepieces-component/README.md",
    "components/ckeditor4-tilepieces-component/SECURITY.md",
    "components/ckeditor4-tilepieces-component/skins/moono-lisa/dialog.css",
    "components/ckeditor4-tilepieces-component/skins/moono-lisa/dialog_ie.css",
    "components/ckeditor4-tilepieces-component/skins/moono-lisa/dialog_ie8.css",
    "components/ckeditor4-tilepieces-component/skins/moono-lisa/dialog_iequirks.css",
    "components/ckeditor4-tilepieces-component/skins/moono-lisa/editor.css",
    "components/ckeditor4-tilepieces-component/skins/moono-lisa/editor_gecko.css",
    "components/ckeditor4-tilepieces-component/skins/moono-lisa/editor_ie.css",
    "components/ckeditor4-tilepieces-component/skins/moono-lisa/editor_ie8.css",
    "components/ckeditor4-tilepieces-component/skins/moono-lisa/editor_iequirks.css",
    "components/ckeditor4-tilepieces-component/skins/moono-lisa/icons.png",
    "components/ckeditor4-tilepieces-component/skins/moono-lisa/icons_hidpi.png",
    "components/ckeditor4-tilepieces-component/skins/moono-lisa/images/arrow.png",
    "components/ckeditor4-tilepieces-component/skins/moono-lisa/images/close.png",
    "components/ckeditor4-tilepieces-component/skins/moono-lisa/images/hidpi/close.png",
    "components/ckeditor4-tilepieces-component/skins/moono-lisa/images/hidpi/lock-open.png",
    "components/ckeditor4-tilepieces-component/skins/moono-lisa/images/hidpi/lock.png",
    "components/ckeditor4-tilepieces-component/skins/moono-lisa/images/hidpi/refresh.png",
    "components/ckeditor4-tilepieces-component/skins/moono-lisa/images/lock-open.png",
    "components/ckeditor4-tilepieces-component/skins/moono-lisa/images/lock.png",
    "components/ckeditor4-tilepieces-component/skins/moono-lisa/images/refresh.png",
    "components/ckeditor4-tilepieces-component/skins/moono-lisa/images/spinner.gif",
    "components/ckeditor4-tilepieces-component/skins/moono-lisa/readme.md",
    "components/ckeditor4-tilepieces-component/styles.js",
    "components/ckeditor4-tilepieces-component/tilepieces.component.json",
    "components/ckeditor4-tilepieces-component/vendor/promise.js",
    "createscript.js",
    "docs/5.1/examples/album/index.html",
    "docs/5.1/examples/album-rtl/index.html",
    "docs/5.1/examples/assets/brand/bootstrap-logo-white.svg",
    "docs/5.1/examples/assets/brand/bootstrap-logo.svg",
    "docs/5.1/examples/assets/dist/css/bootstrap.min.css",
    "docs/5.1/examples/assets/dist/css/bootstrap.min.css.map",
    "docs/5.1/examples/assets/dist/css/bootstrap.rtl.min.css",
    "docs/5.1/examples/assets/dist/css/bootstrap.rtl.min.css.map",
    "docs/5.1/examples/assets/dist/js/bootstrap.bundle.min.js",
    "docs/5.1/examples/assets/dist/js/bootstrap.bundle.min.js.map",
    "docs/5.1/examples/blog/blog.css",
    "docs/5.1/examples/blog/blog.rtl.css",
    "docs/5.1/examples/blog/index.html",
    "docs/5.1/examples/blog-rtl/index.html",
    "docs/5.1/examples/carousel/carousel.css",
    "docs/5.1/examples/carousel/carousel.rtl.css",
    "docs/5.1/examples/carousel/index.html",
    "docs/5.1/examples/carousel-rtl/index.html",
    "docs/5.1/examples/cheatsheet/cheatsheet.css",
    "docs/5.1/examples/cheatsheet/cheatsheet.js",
    "docs/5.1/examples/cheatsheet/cheatsheet.rtl.css",
    "docs/5.1/examples/cheatsheet/index.html",
    "docs/5.1/examples/cheatsheet-rtl/index.html",
    "docs/5.1/examples/checkout/form-validation.css",
    "docs/5.1/examples/checkout/form-validation.js",
    "docs/5.1/examples/checkout/index.html",
    "docs/5.1/examples/checkout-rtl/index.html",
    "docs/5.1/examples/cover/cover.css",
    "docs/5.1/examples/cover/index.html",
    "docs/5.1/examples/dashboard/dashboard.css",
    "docs/5.1/examples/dashboard/dashboard.js",
    "docs/5.1/examples/dashboard/dashboard.rtl.css",
    "docs/5.1/examples/dashboard/index.html",
    "docs/5.1/examples/dashboard-rtl/dashboard.js",
    "docs/5.1/examples/dashboard-rtl/index.html",
    "docs/5.1/examples/dropdowns/dropdowns.css",
    "docs/5.1/examples/dropdowns/index.html",
    "docs/5.1/examples/features/features.css",
    "docs/5.1/examples/features/index.html",
    "docs/5.1/examples/features/unsplash-photo-1.jpg",
    "docs/5.1/examples/features/unsplash-photo-2.jpg",
    "docs/5.1/examples/features/unsplash-photo-3.jpg",
    "docs/5.1/examples/footers/footers.css",
    "docs/5.1/examples/footers/index.html",
    "docs/5.1/examples/grid/grid.css",
    "docs/5.1/examples/grid/index.html",
    "docs/5.1/examples/headers/headers.css",
    "docs/5.1/examples/headers/index.html",
    "docs/5.1/examples/heroes/bootstrap-docs.png",
    "docs/5.1/examples/heroes/bootstrap-themes.png",
    "docs/5.1/examples/heroes/heroes.css",
    "docs/5.1/examples/heroes/index.html",
    "docs/5.1/examples/jumbotron/index.html",
    "docs/5.1/examples/list-groups/index.html",
    "docs/5.1/examples/list-groups/list-groups.css",
    "docs/5.1/examples/masonry/index.html",
    "docs/5.1/examples/modals/index.html",
    "docs/5.1/examples/modals/modals.css",
    "docs/5.1/examples/navbar-bottom/index.html",
    "docs/5.1/examples/navbar-fixed/index.html",
    "docs/5.1/examples/navbar-fixed/navbar-top-fixed.css",
    "docs/5.1/examples/navbar-static/index.html",
    "docs/5.1/examples/navbar-static/navbar-top.css",
    "docs/5.1/examples/navbars/index.html",
    "docs/5.1/examples/navbars/navbar.css",
    "docs/5.1/examples/offcanvas/index.html",
    "docs/5.1/examples/offcanvas-navbar/index.html",
    "docs/5.1/examples/offcanvas-navbar/offcanvas.css",
    "docs/5.1/examples/offcanvas-navbar/offcanvas.js",
    "docs/5.1/examples/pricing/index.html",
    "docs/5.1/examples/pricing/pricing.css",
    "docs/5.1/examples/product/index.html",
    "docs/5.1/examples/product/product.css",
    "docs/5.1/examples/sidebars/index.html",
    "docs/5.1/examples/sidebars/sidebars.css",
    "docs/5.1/examples/sidebars/sidebars.js",
    "docs/5.1/examples/sign-in/index.html",
    "docs/5.1/examples/sign-in/signin.css",
    "docs/5.1/examples/starter-template/index.html",
    "docs/5.1/examples/starter-template/starter-template.css",
    "docs/5.1/examples/sticky-footer/index.html",
    "docs/5.1/examples/sticky-footer/sticky-footer.css",
    "docs/5.1/examples/sticky-footer-navbar/index.html",
    "docs/5.1/examples/sticky-footer-navbar/sticky-footer-navbar.css",
    "index.html",
    "tilepieces.project.json"
  ]
}