{
  "name": "bootstrap-5.1.3-templates",
  "components": {
    "ckeditor4-tilepieces-component": {
      "name": "ckeditor4-tilepieces-component",
      "path": "/components/ckeditor4-tilepieces-component"
    },
    "bootstrap": {
      "name": "bootstrap",
      "path": "/components/bootstrap"
    }
  },
  "lastFileOpened": "/index.html",
  "openedPanels": [
    "package-manager",
    "project-explorer",
    "element-panel",
    "html-inspector",
    "component-panel"
  ],
  "relativePaths": true,
  "sandboxFrame": false
}