{
  "name": "bootstrap/modal/static-backdrop",
  "description": "https://getbootstrap.com/docs/5.1/components/modal/#static-backdrop",
  "version": "5.1.3",
  "author": "The Bootstrap Authors (https://github.com/twbs/bootstrap/graphs/contributors)",
  "website": "https://getbootstrap.com/docs/5.1/components/modal/#static-backdrop",
  "repository": "",
  "html": "static-backdrop.html",
  "bundle": {
    "stylesheet": {},
    "script": {}
  },
  "sources": {
    "stylesheets": [],
    "scripts": []
  },
  "dependencies": [],
  "miscellaneous": [],
  "selector": "",
  "interface": "",
  "components": {},
  "parseHTML": "parseWrapper.js"
}