{
  "name": "bootstrap/carousel",
  "description": "https://getbootstrap.com/docs/5.1/components/carousel/",
  "version": "5.1.3",
  "author": "The Bootstrap Authors (https://github.com/twbs/bootstrap/graphs/contributors)",
  "website": "https://getbootstrap.com/docs/5.1/components/carousel/",
  "repository": "",
  "html": "carousel.html",
  "addDependenciesToBundles": false,
  "bundle": {
    "stylesheet": {
      "href": "css.css"
    },
    "stylesheetHeader": "",
    "stylesheetFooter": "",
    "scriptHeader": "",
    "scriptFooter": "",
    "script": {}
  },
  "sources": {
    "stylesheets": [],
    "scripts": []
  },
  "dependencies": [
    "bootstrap"
  ],
  "components": {},
  "miscellaneous": [
    "interface"
  ],
  "selector": ".carousel",
  "interface": "interface/interface.html",
  "fixedHTML": false,
  "parseHTML": "interface/parseWrapper.js"
}