{
  "name": "bootstrap/collapse",
  "description": "https://getbootstrap.com/docs/5.1/components/collapse/",
  "version": "5.1.3",
  "author": "The Bootstrap Authors (https://github.com/twbs/bootstrap/graphs/contributors)",
  "website": "https://getbootstrap.com/docs/5.1/components/collapse/",
  "repository": "",
  "html": "",
  "bundle": {
    "stylesheet": {},
    "script": {}
  },
  "sources": {
    "stylesheets": [],
    "scripts": []
  },
  "dependencies": [],
  "miscellaneous": [],
  "selector": "",
  "interface": "",
  "components": {
    "bootstrap/collapse/with-button": {
      "path": "/with-button",
      "name": "bootstrap/collapse/with-button"
    },
    "bootstrap/collapse/with-link": {
      "path": "/with-link",
      "name": "bootstrap/collapse/with-link"
    }
  }
}