{
  "name": "bootstrap/collapse/with-link",
  "description": "",
  "version": "",
  "author": "",
  "website": "",
  "repository": "",
  "html": "with-link.html",
  "addDependenciesToBundles": false,
  "bundle": {
    "stylesheet": {},
    "stylesheetHeader": "",
    "stylesheetFooter": "",
    "scriptHeader": "",
    "scriptFooter": "",
    "script": {}
  },
  "sources": {
    "stylesheets": [],
    "scripts": []
  },
  "dependencies": [
    "bootstrap"
  ],
  "mergeMiscellaneous": false,
  "miscellaneous": [],
  "selector": "",
  "interface": "",
  "fixedHTML": false,
  "parseHTML": "parseWrapper.js",
  "components": {}
}