{
  "name": "bootstrap/nav&tabs&pills",
  "description": "https://getbootstrap.com/docs/5.1/components/navs-tabs/",
  "version": "5.1.3",
  "author": "The Bootstrap Authors (https://github.com/twbs/bootstrap/graphs/contributors)",
  "website": "https://getbootstrap.com/docs/5.1/components/navs-tabs/",
  "repository": "",
  "html": "nav.html",
  "addDependenciesToBundles": false,
  "bundle": {
    "stylesheet": {},
    "stylesheetHeader": "",
    "stylesheetFooter": "",
    "scriptHeader": "",
    "scriptFooter": "",
    "script": {}
  },
  "sources": {
    "stylesheets": [],
    "scripts": []
  },
  "dependencies": [
    "bootstrap"
  ],
  "mergeMiscellaneous": false,
  "miscellaneous": [],
  "selector": "",
  "interface": "",
  "fixedHTML": false,
  "components": {
    "bootstrap/nav&tabs&pills/pills": {
      "path": "/pills",
      "name": "bootstrap/nav&tabs&pills/pills"
    },
    "bootstrap/nav&tabs&pills/tabs": {
      "path": "/tabs",
      "name": "bootstrap/nav&tabs&pills/tabs"
    }
  }
}