{
  "name": "bootstrap/modal",
  "description": "https://getbootstrap.com/docs/5.1/components/modal/",
  "version": "5.1.3",
  "author": "The Bootstrap Authors (https://github.com/twbs/bootstrap/graphs/contributors)",
  "website": "https://getbootstrap.com/docs/5.1/components/modal/",
  "repository": "",
  "html": "modal.html",
  "addDependenciesToBundles": false,
  "bundle": {
    "stylesheet": {},
    "stylesheetHeader": "",
    "stylesheetFooter": "",
    "scriptHeader": "",
    "scriptFooter": "",
    "script": {}
  },
  "sources": {
    "stylesheets": [],
    "scripts": []
  },
  "dependencies": [
    "bootstrap"
  ],
  "mergeMiscellaneous": false,
  "miscellaneous": [],
  "selector": "",
  "interface": "",
  "fixedHTML": false,
  "parseHTML": "parseWrapper.js",
  "components": {
    "bootstrap/modal/static-backdrop": {
      "path": "/static-backdrop",
      "name": "bootstrap/modal/static-backdrop"
    }
  }
}