{
  "name": "bootstrap/breadcrumb",
  "description": "",
  "version": "",
  "author": "",
  "website": "",
  "repository": "",
  "html": "breadcrumb.html",
  "addDependenciesToBundles": false,
  "bundle": {
    "stylesheet": {},
    "stylesheetHeader": "",
    "stylesheetFooter": "",
    "scriptHeader": "",
    "scriptFooter": "",
    "script": {}
  },
  "sources": {
    "stylesheets": [],
    "scripts": []
  },
  "dependencies": [
    "bootstrap"
  ],
  "mergeMiscellaneous": false,
  "miscellaneous": [],
  "selector": "",
  "interface": "",
  "fixedHTML": false,
  "parseHTML": "",
  "components": {
    "bootstrap/breadcrumb/fixed": {
      "path": "/fixed",
      "name": "bootstrap/breadcrumb/fixed"
    }
  }
}