{
  "name": "bootstrap/nav&tabs&pills/tabs",
  "description": "https://getbootstrap.com/docs/5.1/components/navs-tabs/#tabs",
  "version": "5.1.3",
  "author": "The Bootstrap Authors (https://github.com/twbs/bootstrap/graphs/contributors)",
  "website": "https://getbootstrap.com/docs/5.1/components/navs-tabs/#tabs",
  "repository": "",
  "html": "tabs.html",
  "addDependenciesToBundles": false,
  "bundle": {
    "stylesheet": {},
    "stylesheetHeader": "",
    "stylesheetFooter": "",
    "scriptHeader": "",
    "scriptFooter": "",
    "script": {}
  },
  "sources": {
    "stylesheets": [],
    "scripts": []
  },
  "dependencies": [
    "bootstrap"
  ],
  "mergeMiscellaneous": false,
  "miscellaneous": [],
  "selector": "",
  "interface": "",
  "fixedHTML": false
}